{
	"id": "61971c91-28b8-4e20-9f7c-890e85ccf4d1",
	"name": "Particle Postman Environment",
	"values": [
		{
			"key": "base_url",
			"value": "https://api.particle.io",
			"enabled": true
		},
		{
			"key": "username",
			"value": "",
			"enabled": true
		},
		{
			"key": "password",
			"value": "",
			"enabled": true
		},
		{
			"key": "access_token",
			"value": "",
			"enabled": true
		},
		{
			"key": "basic_auth_username",
			"value": "particle",
			"enabled": true
		},
		{
			"key": "basic_auth_password",
			"value": "particle",
			"enabled": true
		},
		{
			"key": "oauth_client_id",
			"value": "",
			"enabled": true
		},
		{
			"key": "oauth_client_secret",
			"value": "",
			"enabled": true
		}
	],
	"_postman_variable_scope": "environment",
	"_postman_exported_at": "2021-02-11T04:14:54.845Z",
	"_postman_exported_using": "Postman/8.0.5"
}