{
    "$schema": "https://particle.io/draft-07/schema#",
    "$id": "https://github.com/particle-iot/tracker-edge/releases/tag/v11",
    "type": "object",
    "title": "Configuration schema for the Tracker Edge firmware from Particle",
    "$comment": "the $id field doesn't strictly mean that this schema only works with that release of tracker-edge, rather, this means that the schema here was created for that version of tracker-edge, and will work on earlier and later versions until a new schema is required.  This means that schema v10 will work with firmware v11, as long as there's no added features in v11 not already mentioned here",
    "description": "",
    "required": [
        "location"
    ],
    "properties": {
        "location": {
            "$id": "#/properties/location",
            "type": "object",
            "title": "Location",
            "description": "Configuration for published locations.",
            "default": {},
            "examples": [
                {
                    "interval_min": 10,
                    "interval_max": 120,
                    "min_publish": true,
                    "lock_trigger": false,
                    "radius": 50
                }
            ],
            "required": [
                "radius",
                "interval_min",
                "interval_max",
                "min_publish",
                "lock_trigger"
            ],
            "properties": {
                "radius": {
                    "$id": "#/properties/location/properties/radius",
                    "type": "number",
                    "title": "Radius Trigger (meters)",
                    "description": "Publish location if it has moved this many meters from the last publish. 0 for unused.",
                    "default": 0,
                    "examples": [
                        5
                    ],
                    "minimum": 0,
                    "maximum": 100000
                },
                "interval_min": {
                    "$id": "#/properties/location/properties/interval_min",
                    "type": "integer",
                    "title": "Maximum location update frequency (every n seconds)",
                    "description": "Never publish location information more often than this setting.",
                    "default": 900,
                    "examples": [
                        1000
                    ],
                    "minimum": 0
                },
                "interval_max": {
                    "$id": "#/properties/location/properties/interval_max",
                    "type": "integer",
                    "title": "Minimum location update frequency (every n seconds)",
                    "description": "Always publish location, when possible, this often",
                    "default": 3600,
                    "examples": [
                        7200
                    ],
                    "minimum": 0
                },
                "min_publish": {
                    "$id": "#/properties/location/properties/min_publish",
                    "type": "boolean",
                    "title": "Minimize Data",
                    "description": "If enabled, publish minimal location with only latitude and longitude. If disabled, publish additional information including speed, heading, etc.",
                    "default": false,
                    "examples": [
                        true
                    ]
                },
                "lock_trigger": {
                    "$id": "#/properties/location/properties/lock_trigger",
                    "type": "boolean",
                    "title": "Enable publish on GPS lock",
                    "description": "If enabled, a change in GPS lock status will trigger a location publish, which will happen after the Minimum Interval has passed.",
                    "default": true,
                    "examples": [
                        false
                    ]
                },
                "loc_ack": {
                    "$id": "#/properties/location/properties/loc_ack",
                    "type": "boolean",
                    "title": "Enable device acceptance of cloud service acknowlegements of location publishes",
                    "description": "If enabled, the device will expect cloud acknowledgement of location publishes and retry sending if cloud is unresponsive.  If disabled, the device will publish location messages and not account for cloud acknowledgement (fire-and-forget).  See https://docs.particle.io/reference/device-cloud/api/#tracker-configuration-events for more information",
                    "default": true,
                    "minimumFirmwareVersion": 11,
                    "examples": [
                        true
                    ]
                }
            }
        },
        "imu_trig": {
            "$id": "#/properties/imu_trig",
            "type": "object",
            "title": "Motion",
            "description": "Configuration for motion detection.",
            "default": {},
            "properties": {
                "motion": {
                    "$id": "#/properties/imu_trig/properties/motion",
                    "type": "string",
                    "title": "Movement Sensitivity",
                    "description": "If not disabled, device will publish location if it detects movement. Low sensitivity requires a large motion to publish.",
                    "default": "disable",
                    "enum": [
                        "disable",
                        "low",
                        "medium",
                        "high"
                    ]
                },
                "high_g": {
                    "$id": "#/properties/imu_trig/properties/accel",
                    "type": "string",
                    "title": "High-G",
                    "description": "If enabled, device will publish location if it detects a High-G acceleration event.",
                    "default": "disable",
                    "enum": [
                        "disable",
                        "enable"
                    ]
                }
            }
        },
        "temp_trig": {
            "$id": "#/properties/temp_trig",
            "type": "object",
            "title": "Temperature",
            "description": "Configuration for temperature thresholding.",
            "default": {},
            "properties": {
                "high": {
                    "$id": "#/properties/temp_trig/high",
                    "type": "number",
                    "title": "High temperature threshold (Celsius)",
                    "description": "Publish location once if temperature is greater than or equal to threshold. The temperature will be required to be less than the high threshold minus hysteresis to clear event, when latching, or publish again when latching disabled.  Hysteresis must be valid.",
                    "default": 150,
                    "examples": [
                        65
                    ],
                    "minimum": -40,
                    "maximum": 150
                },
                "high_en": {
                    "$id": "#/properties/temp_trig/high_en",
                    "type": "boolean",
                    "title": "Enable high temperature monitoring.",
                    "description": "If enabled, compare current temperature against high threshold.",
                    "default": false,
                    "examples": [
                        true
                    ]
                },
                "high_latch": {
                    "$id": "#/properties/temp_trig/high_latch",
                    "type": "boolean",
                    "title": "Enable high temperature event latching.",
                    "description": "Enable latching of high temperature trigger event until temperature has fallen below hysteresis level; otherwise, generate one high temperature event.",
                    "default": false,
                    "examples": [
                        true
                    ]
                },
                "low": {
                    "$id": "#/properties/temp_trig/low",
                    "type": "number",
                    "title": "Low temperature threshold (Celsius)",
                    "description": "Publish location once if temperature is less than or equal to threshold. The temperature will be required to be more than the low threshold plus hysteresis to clear event, when latching, or publish again when latching disabled. Hysteresis must be valid.",
                    "default": -40,
                    "examples": [
                        0
                    ],
                    "minimum": -40,
                    "maximum": 150
                },
                "low_en": {
                    "$id": "#/properties/temp_trig/low_en",
                    "type": "boolean",
                    "title": "Enable low temperature monitoring.",
                    "description": "If enabled, compare current temperature against low threshold.",
                    "default": false,
                    "examples": [
                        true
                    ]
                },
                "low_latch": {
                    "$id": "#/properties/temp_trig/low_latch",
                    "type": "boolean",
                    "title": "Enable low temperature event latching.",
                    "description": "Enable latching of low temperature trigger event until temperature has risen above hysteresis level; otherwise, generate one low temperature event.",
                    "default": false,
                    "examples": [
                        true
                    ]
                },
                "hyst": {
                    "$id": "#/properties/temp_trig/hyst",
                    "type": "number",
                    "title": "Hysteresis temperature threshold (Celsius)",
                    "description": "Hysteresis threshold applied to high and low thresholds to allow further temperature publishes. 0.0 for unused.",
                    "default": 0,
                    "examples": [
                        10
                    ],
                    "minimum": 0,
                    "maximum": 190
                }
            }
        },
        "rgb": {
            "$id": "#/properties/rgb",
            "type": "object",
            "title": "RGB LED",
            "description": "Configuration for the Particle RGB LED.",
            "default": {},
            "examples": [
                {
                    "type": "tracker"
                }
            ],
            "required": [
                "type"
            ],
            "properties": {
                "type": {
                    "$id": "#/properties/rgb/properties/type",
                    "type": "string",
                    "title": "Type",
                    "description": "Can control the LED to be off, default Particle RGB behavior or custom tracker behavior.",
                    "default": "particle",
                    "enum": [
                        "off",
                        "particle",
                        "tracker"
                    ]
                }
            }
        },
        "sleep": {
            "$id": "#/properties/sleep",
            "type": "object",
            "title": "Sleep",
            "description": "Configuration for low power operation. Supported in Asset Tracker Firmware v10 and later",
            "default": {},
            "minimumFirmwareVersion": 10,
            "properties": {
                "mode": {
                    "$id": "#/properties/sleep/properties/mode",
                    "type": "string",
                    "title": "Sleep Mode",
                    "description": "If enabled, device will operate with low power states during inactive periods.  The device will be inaccessible while in low power states",
                    "default": "disable",
                    "enum": [
                        "disable",
                        "enable"
                    ]
                },
                "exe_min": {
                    "$id": "#/properties/sleep/properties/exe_min",
                    "type": "number",
                    "title": "Post Publish Execution Time",
                    "description": "Minimum duration, in seconds, of guaranteed execution time after publishing and before entering sleep.",
                    "default": 10,
                    "examples": [
                        10
                    ],
                    "minimum": 5
                },
                "conn_max": {
                    "$id": "#/properties/sleep/properties/conn_max",
                    "type": "number",
                    "title": "Maximum Connecting Time",
                    "description": "Maximum duration, in seconds, to wait for a cellular connected state and GNSS lock before publish.",
                    "default": 90,
                    "examples": [
                        120
                    ],
                    "minimum": 30
                }
            }
        },
        "tracker": {
            "$id": "#/properties/tracker",
            "type": "object",
            "title": "Tracker",
            "description": "Configuration for Tracker specific settings",
            "default": {},
            "properties": {
                "usb_cmd": {
                    "$id": "#/properties/tracker/properties/usb_cmd",
                    "type": "boolean",
                    "title": "USB Command Enable",
                    "description": "If enabled, device will parse incoming commands on USB.",
                    "default": true,
                    "examples": [
                        false
                    ]
                }
            }
        },
        "engine": {
            "$id": "#/properties/engine",
            "type": "object",
            "title": "Engine",
            "description": "CAN demo engine settings",
            "default": {},
            "properties": {
                "idle": {
                    "$id": "#/properties/engine/properties/idle",
                    "type": "integer",
                    "title": "Idle RPM speed",
                    "description": "If engine RPM is less than this value, the engine will be considered to be idling",
                    "default": 1600,
                    "examples": [
                    ],
                    "minimum":0,
                    "maximum":10000
                },
                "fastpub": {
                    "$id": "#/properties/engine/properties/fastpub",
                    "type": "integer",
                    "title": "Publish period when running (milliseconds)",
                    "description": "Publish period when engine is not off or idling in milliseconds (0 = use default)",
                    "default": 0,
                    "examples": [
                    ],
                    "minimum":0,
                    "maximum":3600000
                }
            }
        }
    },
    "additionalProperties": false
}